1	2
ASV_1	48.5822489336526	48.5822489336526
ASV_2	47.1806704505839	47.1806704505839
ASV_3	45.2476927256128	45.2476927256128
ASV_4	52.8905836481554	52.8905836481554
ASV_5	48.419737106635	48.419737106635
ASV_6	49.7637781035404	49.7637781035404
ASV_7	53.2303016715008	53.2303016715008
ASV_8	46.7357408235042	46.7357408235042
ASV_9	38.8605467371052	38.8605467371052
ASV_10	55.2978630589157	55.2978630589157
ASV_11	42.3017445139694	42.3017445139694
ASV_13	36.8589172031139	36.8589172031139
ASV_14	53.7135784696576	53.7135784696576
ASV_15	49.8322511466092	49.8322511466092
ASV_16	62.9298527247363	62.9298527247363
ASV_17	43.3468503921306	43.3468503921306
ASV_18	49.6478013823848	49.6478013823848
ASV_19	46.7559776670679	46.7559776670679
ASV_20	5.76680150060155	5.76680150060155
ASV_21	33.0744113193294	33.0744113193294
ASV_22	43.8956058145342	43.8956058145342
ASV_23	35.7096181411657	35.7096181411657
ASV_24	26.3817054075354	26.3817054075354
ASV_25	58.1821286104824	58.1821286104824
ASV_26	43.5071473728347	43.5071473728347
ASV_27	42.1038932981572	42.1038932981572
ASV_28	5.82498179938971	5.82498179938971
ASV_29	47.3828760529164	47.3828760529164
ASV_30	36.6060649822154	36.6060649822154
ASV_31	44.5489638231024	44.5489638231024
ASV_32	33.4303598198342	33.4303598198342
ASV_33	32.8362794949086	32.8362794949086
ASV_34	56.3235010376441	56.3235010376441
ASV_35	33.6270860403288	33.6270860403288
ASV_36	11.7840153397237	11.7840153397237
ASV_37	41.4492583165229	41.4492583165229
ASV_38	39.407085515973	39.407085515973
ASV_39	34.4475817472327	34.4475817472327
ASV_40	32.1272905251351	32.1272905251351
ASV_41	36.0259396901551	36.0259396901551
ASV_42	45.8912633315957	45.8912633315957
ASV_43	44.7091615067864	44.7091615067864
ASV_44	2.68034187062346	2.68034187062346
ASV_45	49.4600026799593	49.4600026799593
ASV_46	34.3029292334596	34.3029292334596
ASV_47	33.2950159337276	33.2950159337276
ASV_48	36.6312988608324	36.6312988608324
ASV_49	18.8697934551898	18.8697934551898
ASV_50	6.33561709732154	6.33561709732154
ASV_51	44.0245369316131	44.0245369316131
ASV_52	23.4132218234365	23.4132218234365
ASV_53	36.1897635915633	36.1897635915633
ASV_54	44.1917049132127	44.1917049132127
ASV_55	28.6821355173347	28.6821355173347
ASV_56	39.5314272156344	39.5314272156344
ASV_57	5.6273028438466	5.6273028438466
ASV_59	32.4114586023499	32.4114586023499
ASV_60	38.7672223161953	38.7672223161953
ASV_61	68.1346759807629	68.1346759807629
ASV_62	32.1227952905302	32.1227952905302
ASV_63	4.03280081093595	4.03280081093595
ASV_64	43.4557491715431	43.4557491715431
ASV_65	1.59515200893795	1.59515200893795
ASV_66	32.976212406966	32.976212406966
ASV_67	21.6927542420862	21.6927542420862
ASV_68	1.52524305913251	1.52524305913251
ASV_69	29.188662827825	29.188662827825
ASV_70	21.2092449867712	21.2092449867712
ASV_71	12.5166270962014	12.5166270962014
ASV_72	30.8749593972639	30.8749593972639
ASV_73	12.894628480535	12.894628480535
ASV_74	21.6932279535619	21.6932279535619
ASV_75	32.1779905964342	32.1779905964342
ASV_76	24.1690677127136	24.1690677127136
ASV_78	32.3555894023499	32.3555894023499
ASV_79	25.02617216361	25.02617216361
ASV_80	34.8987815996548	34.8987815996548
ASV_81	33.7546806152087	33.7546806152087
ASV_82	48.2571754366907	48.2571754366907
ASV_83	19.5349297110858	19.5349297110858
ASV_84	33.5201855905429	33.5201855905429
ASV_85	43.635406052817	43.635406052817
ASV_86	24.636037807562	24.636037807562
ASV_87	25.879880519096	25.879880519096
ASV_88	28.5825044455603	28.5825044455603
ASV_89	49.9150173078531	49.9150173078531
ASV_90	30.9972876835883	30.9972876835883
ASV_91	26.2794993759878	26.2794993759878
ASV_93	48.5072724249657	48.5072724249657
ASV_94	31.8599372903475	31.8599372903475
ASV_95	18.8886314394205	18.8886314394205
ASV_96	30.6881246501255	30.6881246501255
ASV_97	63.4013392877898	63.4013392877898
ASV_98	13.6010098819422	13.6010098819422
ASV_99	27.9244738242452	27.9244738242452
ASV_100	14.124852369034	14.124852369034
ASV_101	26.8704652650595	26.8704652650595
ASV_102	4.73893480492679	4.73893480492679
ASV_103	13.7075001301843	13.7075001301843
ASV_104	20.8417993840865	20.8417993840865
ASV_105	30.3195703895603	30.3195703895603
ASV_106	25.5580585471697	25.5580585471697
ASV_107	43.1305617452587	43.1305617452587
ASV_108	23.9442660443038	23.9442660443038
ASV_109	5.6859794711489	5.6859794711489
ASV_110	2.03571158690335	2.03571158690335
ASV_112	25.0271697274661	25.0271697274661
ASV_113	23.8053414688698	23.8053414688698
ASV_114	29.4747448693504	29.4747448693504
ASV_115	15.0981478077258	15.0981478077258
ASV_116	38.786763239873	38.786763239873
ASV_117	18.5236546893042	18.5236546893042
ASV_118	19.3188972203437	19.3188972203437
ASV_119	24.8794595529212	24.8794595529212
ASV_120	32.2850479586481	32.2850479586481
ASV_121	30.2543849743838	30.2543849743838
ASV_122	3.33125530833264	3.33125530833264
ASV_123	7.43198592058351	7.43198592058351
ASV_124	42.8359313488916	42.8359313488916
ASV_125	49.2255606562683	49.2255606562683
ASV_126	34.0551085659972	34.0551085659972
ASV_127	12.903655500079	12.903655500079
ASV_128	47.924254222103	47.924254222103
ASV_129	7.20606899336477	7.20606899336477
ASV_130	18.0675707077063	18.0675707077063
ASV_131	44.8242898178158	44.8242898178158
ASV_132	9.19196770690917	9.19196770690917
ASV_133	41.1363256143206	41.1363256143206
ASV_134	31.1781154776747	31.1781154776747
ASV_135	27.8799413665641	27.8799413665641
ASV_136	25.273009608696	25.273009608696
ASV_137	21.4218649430373	21.4218649430373
ASV_138	16.6409584767751	16.6409584767751
ASV_139	42.6236560844614	42.6236560844614
ASV_140	1.96407259230253	1.96407259230253
ASV_141	23.3157285400645	23.3157285400645
ASV_142	25.5106976690645	25.5106976690645
ASV_143	25.2372307917293	25.2372307917293
ASV_144	35.5406470020979	35.5406470020979
ASV_145	12.2309829783665	12.2309829783665
ASV_146	3.39835288035654	3.39835288035654
ASV_148	49.6815212195972	49.6815212195972
ASV_149	30.5977981274349	30.5977981274349
ASV_150	16.240451064212	16.240451064212
ASV_152	35.7845619769031	35.7845619769031
ASV_153	22.350737550298	22.350737550298
ASV_154	24.1558650884245	24.1558650884245
ASV_155	13.4925212784279	13.4925212784279
ASV_156	4.07925907073716	4.07925907073716
ASV_157	38.5396457509659	38.5396457509659
ASV_158	19.7773287822329	19.7773287822329
ASV_159	3.81409224190349	3.81409224190349
ASV_161	17.5200072053766	17.5200072053766
ASV_162	25.0845131904055	25.0845131904055
ASV_163	29.6607626315119	29.6607626315119
ASV_164	35.9117615568261	35.9117615568261
ASV_165	27.6525141164425	27.6525141164425
ASV_166	38.7047438264405	38.7047438264405
ASV_167	19.9172230682806	19.9172230682806
ASV_168	15.5222313494693	15.5222313494693
ASV_169	40.7373126923193	40.7373126923193
ASV_170	26.5981388651665	26.5981388651665
ASV_171	3.89553698358311	3.89553698358311
ASV_172	4.28694354280759	4.28694354280759
ASV_173	23.1398325453612	23.1398325453612
ASV_174	18.7420062838942	18.7420062838942
ASV_175	33.6043599660639	33.6043599660639
ASV_176	16.2311748654566	16.2311748654566
ASV_177	23.9422780714679	23.9422780714679
ASV_178	14.4002678065265	14.4002678065265
ASV_179	40.8849581923511	40.8849581923511
ASV_180	3.36298691490849	3.36298691490849
ASV_181	8.41063414423941	8.41063414423941
ASV_182	18.5659294486576	18.5659294486576
ASV_183	15.0901519130467	15.0901519130467
ASV_184	24.7742960961418	24.7742960961418
ASV_185	16.9202603685533	16.9202603685533
ASV_186	39.1932949250895	39.1932949250895
ASV_187	30.2996315112488	30.2996315112488
ASV_188	1.92353438737165	1.92353438737165
ASV_189	22.82277665542	22.82277665542
ASV_190	32.2713321297957	32.2713321297957
ASV_191	28.5958392773306	28.5958392773306
ASV_192	5.73929963928128	5.73929963928128
ASV_193	30.3966043404011	30.3966043404011
ASV_195	34.5749515867766	34.5749515867766
ASV_196	4.70912593534972	4.70912593534972
ASV_198	26.5078545258005	26.5078545258005
ASV_199	22.991372522164	22.991372522164
ASV_200	2.1125551005485	2.1125551005485
ASV_201	21.6002153922497	21.6002153922497
ASV_202	16.5485063823488	16.5485063823488
ASV_203	1.79096913824049	1.79096913824049
ASV_204	4.93495997415957	4.93495997415957
ASV_205	17.0320792533588	17.0320792533588
ASV_206	22.4544974115921	22.4544974115921
ASV_207	24.051221698047	24.051221698047
ASV_208	15.7485872867081	15.7485872867081
ASV_209	2.10011770829625	2.10011770829625
ASV_210	4.35001944259387	4.35001944259387
ASV_211	15.4363043593377	15.4363043593377
ASV_212	22.3647928997999	22.3647928997999
ASV_213	1.52661785929573	1.52661785929573
ASV_214	25.9003509272804	25.9003509272804
ASV_215	24.4029459589914	24.4029459589914
ASV_216	39.7958007288831	39.7958007288831
ASV_217	0.804703279465089	0.804703279465089
ASV_218	43.978455245393	43.978455245393
ASV_219	1.56382557746466	1.56382557746466
ASV_221	46.595129321332	46.595129321332
ASV_222	23.4859704146417	23.4859704146417
ASV_223	29.5748809460745	29.5748809460745
ASV_224	1.71185947665527	1.71185947665527
ASV_225	8.43896458550153	8.43896458550153
ASV_226	22.4082819054268	22.4082819054268
ASV_227	5.32185601843027	5.32185601843027
ASV_228	40.2438756861675	40.2438756861675
ASV_229	27.8755572425833	27.8755572425833
ASV_230	0.50001250046877	0.50001250046877
ASV_231	2.20197149739096	2.20197149739096
ASV_232	5.15753820504637	5.15753820504637
ASV_233	6.26748345704556	6.26748345704556
ASV_234	11.6346772873362	11.6346772873362
ASV_235	4.37769672861049	4.37769672861049
ASV_236	14.2417285153279	14.2417285153279
ASV_237	11.2576362598907	11.2576362598907
ASV_238	14.8542501254788	14.8542501254788
ASV_239	11.669971714066	11.669971714066
ASV_240	12.3477251465574	12.3477251465574
ASV_241	1.0542044295889	1.0542044295889
ASV_242	7.25065516252149	7.25065516252149
ASV_243	6.82403955730346	6.82403955730346
ASV_244	9.45452576264173	9.45452576264173
ASV_245	36.6226277417945	36.6226277417945
ASV_246	1.71542410026246	1.71542410026246
ASV_247	36.9139578111454	36.9139578111454
ASV_248	23.9523500462729	23.9523500462729
ASV_249	19.8070206582296	19.8070206582296
ASV_250	10.5362651374719	10.5362651374719
ASV_251	37.5635524890339	37.5635524890339
ASV_252	3.5230176285999	3.5230176285999
ASV_253	19.2192894089367	19.2192894089367
ASV_254	21.3005443693518	21.3005443693518
ASV_255	24.2305989532865	24.2305989532865
ASV_256	15.5578004486957	15.5578004486957
ASV_257	31.0049813533245	31.0049813533245
ASV_258	36.3651802640122	36.3651802640122
ASV_259	15.9145205949886	15.9145205949886
ASV_260	35.3622560635265	35.3622560635265
ASV_262	34.2097509273658	34.2097509273658
ASV_264	24.4951672678357	24.4951672678357
ASV_266	5.23990363412468	5.23990363412468
ASV_267	10.4290751733818	10.4290751733818
ASV_268	15.7790386539851	15.7790386539851
ASV_269	1.46535971036441	1.46535971036441
ASV_270	25.5984009303091	25.5984009303091
ASV_271	13.1530926874639	13.1530926874639
ASV_272	19.8876481425663	19.8876481425663
ASV_273	14.0449756412583	14.0449756412583
ASV_274	43.8922360211242	43.8922360211242
ASV_275	3.55788521873112	3.55788521873112
ASV_276	12.0601212489154	12.0601212489154
ASV_277	43.1477725691699	43.1477725691699
ASV_278	34.7400507785663	34.7400507785663
ASV_279	1.55637263300549	1.55637263300549
ASV_280	12.4558432369189	12.4558432369189
ASV_281	3.35962365255228	3.35962365255228
ASV_282	25.9790256186274	25.9790256186274
ASV_283	14.057896348	14.057896348
ASV_284	26.5589512885823	26.5589512885823
ASV_285	21.5417416500868	21.5417416500868
ASV_286	16.4253484129882	16.4253484129882
ASV_287	3.54967958548048	3.54967958548048
ASV_288	16.0174525128484	16.0174525128484
ASV_289	2.06698033461344	2.06698033461344
ASV_290	17.7135142278692	17.7135142278692
ASV_291	28.3569890669747	28.3569890669747
ASV_292	2.63742668764149	2.63742668764149
ASV_293	9.03222125320658	9.03222125320658
ASV_294	21.7192449400169	21.7192449400169
ASV_295	23.3882328272767	23.3882328272767
ASV_296	29.0086399089385	29.0086399089385
ASV_297	11.6089362452769	11.6089362452769
ASV_298	5.3459450332795	5.3459450332795
ASV_299	32.0320980117511	32.0320980117511
ASV_300	3.6222059413239	3.6222059413239
ASV_301	12.3558407167803	12.3558407167803
ASV_302	18.7542242673713	18.7542242673713
ASV_303	2.63085362082448	2.63085362082448
ASV_306	33.651209788678	33.651209788678
ASV_307	16.0451511688289	16.0451511688289
ASV_308	4.7358364089507	4.7358364089507
ASV_309	3.35590567564847	3.35590567564847
ASV_310	10.4184489684452	10.4184489684452
ASV_311	32.5836412747477	32.5836412747477
ASV_312	9.98945874566383	9.98945874566383
ASV_313	3.56272213649026	3.56272213649026
ASV_314	6.17349309800128	6.17349309800128
ASV_315	34.3396791825938	34.3396791825938
ASV_316	21.4956818861906	21.4956818861906
ASV_317	2.11946072805475	2.11946072805475
ASV_318	13.7250993062166	13.7250993062166
ASV_319	1.82171882324847	1.82171882324847
ASV_320	1.72514514941678	1.72514514941678
ASV_321	21.1533761501377	21.1533761501377
ASV_322	3.34752629170733	3.34752629170733
ASV_324	12.4359414523467	12.4359414523467
ASV_325	15.4861134133148	15.4861134133148
ASV_326	67.9879572422119	67.9879572422119
ASV_327	12.1105399302843	12.1105399302843
ASV_328	12.9897094190492	12.9897094190492
ASV_329	26.7271940256862	26.7271940256862
ASV_330	18.5296860202928	18.5296860202928
ASV_331	6.28558933321017	6.28558933321017
ASV_333	18.6414944155295	18.6414944155295
ASV_334	20.5032736443632	20.5032736443632
ASV_335	5.2515770921447	5.2515770921447
ASV_336	14.3248575263685	14.3248575263685
ASV_337	39.9540633376554	39.9540633376554
ASV_338	39.81149894608	39.81149894608
ASV_339	15.427309766998	15.427309766998
ASV_340	18.3562798337901	18.3562798337901
ASV_341	16.3387332653117	16.3387332653117
ASV_342	18.4822585484067	18.4822585484067
ASV_343	17.2594397158426	17.2594397158426
ASV_345	2.82943472465027	2.82943472465027
ASV_346	17.4130687834365	17.4130687834365
ASV_347	28.8694315707306	28.8694315707306
ASV_348	1.96583167832331	1.96583167832331
ASV_349	1.37614166691631	1.37614166691631
ASV_350	24.8646348705544	24.8646348705544
ASV_351	2.17018916521954	2.17018916521954
ASV_352	11.0764952567627	11.0764952567627
ASV_353	5.6189085727355	5.6189085727355
ASV_354	47.0362017595446	47.0362017595446
ASV_355	15.5130326770211	15.5130326770211
ASV_357	46.5598684312074	46.5598684312074
ASV_358	1.79883013860605	1.79883013860605
ASV_359	64.2540211821072	64.2540211821072
ASV_360	5.40746190776129	5.40746190776129
ASV_361	20.1208019809852	20.1208019809852
ASV_362	2.81331736769124	2.81331736769124
ASV_364	16.4148664162495	16.4148664162495
ASV_365	8.66272005307226	8.66272005307226
ASV_366	31.326135698779	31.326135698779
ASV_367	25.9677325365047	25.9677325365047
ASV_368	25.1839274296163	25.1839274296163
ASV_369	38.7473358448644	38.7473358448644
ASV_370	10.0756745725425	10.0756745725425
ASV_371	2.28820735955321	2.28820735955321
ASV_372	21.3097848268881	21.3097848268881
ASV_373	7.92497919044526	7.92497919044526
ASV_374	24.142754360036	24.142754360036
ASV_375	30.4988070301531	30.4988070301531
ASV_376	34.903936843717	34.903936843717
ASV_378	9.9166287183067	9.9166287183067
ASV_379	19.4388402212081	19.4388402212081
ASV_380	2.29924757718728	2.29924757718728
ASV_381	38.5310994431837	38.5310994431837
ASV_382	6.29543173183604	6.29543173183604
ASV_383	37.2349100687993	37.2349100687993
ASV_385	16.6908950985	16.6908950985
ASV_386	2.4448817122179	2.4448817122179
ASV_387	6.23223903413324	6.23223903413324
ASV_388	33.316333608627	33.316333608627
ASV_389	15.322341672403	15.322341672403
ASV_390	2.3979685238002	2.3979685238002
ASV_391	1.13480170911468	1.13480170911468
ASV_392	29.1237538894927	29.1237538894927
ASV_394	41.7235328280498	41.7235328280498
ASV_396	18.0317486315372	18.0317486315372
ASV_397	1.18121054335574	1.18121054335574
ASV_398	1.31105855759512	1.31105855759512
ASV_399	24.5380300425654	24.5380300425654
ASV_402	3.5037267280419	3.5037267280419
ASV_403	4.8575566824477	4.8575566824477
ASV_405	26.5863741120838	26.5863741120838
ASV_406	2.13336798319871	2.13336798319871
ASV_407	13.0994358787793	13.0994358787793
ASV_408	27.3210254196741	27.3210254196741
ASV_409	24.9210644806892	24.9210644806892
ASV_411	0.815367528079868	0.815367528079868
ASV_412	3.87729018489936	3.87729018489936
ASV_413	17.3743010260734	17.3743010260734
ASV_414	3.26241150498665	3.26241150498665
ASV_415	2.90780515704052	2.90780515704052
ASV_416	3.26456177478011	3.26456177478011
ASV_417	5.93886072911211	5.93886072911211
ASV_418	4.23293953591916	4.23293953591916
ASV_419	0.845844320751451	0.845844320751451
ASV_420	1.82961360181996	1.82961360181996
ASV_421	37.8712254148455	37.8712254148455
ASV_422	29.6517168014478	29.6517168014478
ASV_423	5.49334232093967	5.49334232093967
ASV_424	2.81414459423071	2.81414459423071
ASV_425	29.4753882729863	29.4753882729863
ASV_426	17.8469620275571	17.8469620275571
ASV_427	16.1519159183603	16.1519159183603
ASV_428	18.0579261477248	18.0579261477248
ASV_429	5.24642478583144	5.24642478583144
ASV_430	38.3638623235679	38.3638623235679
ASV_431	1.4683301911713	1.4683301911713
ASV_432	1.81137776427724	1.81137776427724
ASV_433	38.6130649961838	38.6130649961838
ASV_434	7.62890909493914	7.62890909493914
ASV_435	6.97252999183757	6.97252999183757
ASV_436	1.43989145834693	1.43989145834693
ASV_437	2.11961065739636	2.11961065739636
ASV_438	13.9376136167295	13.9376136167295
ASV_439	0.707129384193194	0.707129384193194
ASV_440	13.8107333462159	13.8107333462159
ASV_441	2.94207585575515	2.94207585575515
ASV_442	9.8448725364496	9.8448725364496
ASV_443	4.07840828094954	4.07840828094954
ASV_444	1.30778567352785	1.30778567352785
ASV_445	22.9187373197565	22.9187373197565
ASV_446	15.0487503744186	15.0487503744186
ASV_450	37.0154223361765	37.0154223361765
ASV_451	1.51566217472443	1.51566217472443
ASV_452	19.7107531598891	19.7107531598891
ASV_454	15.0932618312437	15.0932618312437
ASV_455	3.97649727682329	3.97649727682329
ASV_456	18.538800795147	18.538800795147
ASV_457	29.2382661944511	29.2382661944511
ASV_458	15.4134868650627	15.4134868650627
ASV_459	9.63060518661155	9.63060518661155
ASV_460	14.4719951137781	14.4719951137781
ASV_461	2.0852325767254	2.0852325767254
ASV_462	18.3438725718555	18.3438725718555
ASV_463	23.265523938793	23.265523938793
ASV_464	1.6918707114364	1.6918707114364
ASV_467	22.8806264031291	22.8806264031291
ASV_468	5.74195542191843	5.74195542191843
ASV_469	46.8869623885412	46.8869623885412
ASV_472	12.4596878667606	12.4596878667606
ASV_473	21.5430327930005	21.5430327930005
ASV_475	15.9681848031166	15.9681848031166
ASV_476	21.8977744806768	21.8977744806768
ASV_477	27.1736638060235	27.1736638060235
ASV_478	41.4138474304536	41.4138474304536
ASV_479	36.4681080785879	36.4681080785879
ASV_480	2.78250088974916	2.78250088974916
ASV_481	7.0583394660458	7.0583394660458
ASV_484	3.62122425152498	3.62122425152498
ASV_485	0.835714721070711	0.835714721070711
ASV_486	29.6345703963527	29.6345703963527
ASV_487	2.81747894268909	2.81747894268909
ASV_489	3.92780732159281	3.92780732159281
ASV_490	11.3437741572364	11.3437741572364
ASV_492	17.8580922558355	17.8580922558355
ASV_493	1.30249968029761	1.30249968029761
ASV_494	16.8660693851269	16.8660693851269
ASV_495	6.21538177464233	6.21538177464233
ASV_496	1.43794187772694	1.43794187772694
ASV_497	18.1139169649393	18.1139169649393
ASV_498	28.6901349870672	28.6901349870672
ASV_499	12.187685814288	12.187685814288
ASV_500	13.5503781303825	13.5503781303825
ASV_501	19.132015476674	19.132015476674
ASV_503	17.1390263732898	17.1390263732898
ASV_504	28.710241725775	28.710241725775
ASV_505	1.32477663185777	1.32477663185777
ASV_506	1.49359314703423	1.49359314703423
ASV_507	2.06092827082883	2.06092827082883
ASV_508	9.07346845692892	9.07346845692892
ASV_509	53.1151231069014	53.1151231069014
ASV_511	4.00480200021629	4.00480200021629
ASV_515	2.74256417118601	2.74256417118601
ASV_516	1.94225417596929	1.94225417596929
ASV_518	2.14978449807515	2.14978449807515
ASV_519	2.1078698713707	2.1078698713707
ASV_520	13.6927968746853	13.6927968746853
ASV_521	26.3206194638005	26.3206194638005
ASV_524	2.15403327754097	2.15403327754097
ASV_525	0.950962925900129	0.950962925900129
ASV_526	13.7614378622866	13.7614378622866
ASV_527	44.7128715076185	44.7128715076185
ASV_528	5.53748487619872	5.53748487619872
ASV_530	22.6703090528753	22.6703090528753
ASV_531	14.7642071197693	14.7642071197693
ASV_532	8.63618309188636	8.63618309188636
ASV_533	3.05940091769971	3.05940091769971
ASV_535	1.89729800432621	1.89729800432621
ASV_536	1.95060852145436	1.95060852145436
ASV_537	15.7473603963641	15.7473603963641
ASV_539	30.815836612605	30.815836612605
ASV_540	31.5108351893372	31.5108351893372
ASV_544	27.1580746295397	27.1580746295397
ASV_547	13.9228636291577	13.9228636291577
ASV_548	6.13321351747705	6.13321351747705
ASV_549	16.8245320982267	16.8245320982267
ASV_550	12.8225654092583	12.8225654092583
ASV_551	12.1965549608016	12.1965549608016
ASV_552	20.9347278838641	20.9347278838641
ASV_553	16.765492529094	16.765492529094
ASV_554	25.7381613451616	25.7381613451616
ASV_555	64.696798467807	64.696798467807
ASV_556	27.1592039256956	27.1592039256956
ASV_557	1.91156500139896	1.91156500139896
ASV_558	13.1036647287934	13.1036647287934
ASV_559	19.9242915219493	19.9242915219493
ASV_560	23.8190858617635	23.8190858617635
ASV_561	37.7603432800649	37.7603432800649
ASV_562	7.22132060604418	7.22132060604418
ASV_563	11.0218466174462	11.0218466174462
ASV_564	1.99849023898607	1.99849023898607
ASV_565	5.26361447740417	5.26361447740417
ASV_566	0.689555840051087	0.689555840051087
ASV_567	11.0756311302399	11.0756311302399
ASV_568	34.5311174412006	34.5311174412006
ASV_569	1.70353362522193	1.70353362522193
ASV_570	1.88558302144274	1.88558302144274
ASV_572	8.18039387194619	8.18039387194619
ASV_573	25.2837722788947	25.2837722788947
ASV_574	1.70968621615378	1.70968621615378
ASV_575	3.46246670458221	3.46246670458221
ASV_576	1.21575954666407	1.21575954666407
ASV_577	22.0981276872327	22.0981276872327
ASV_578	24.9581712006411	24.9581712006411
ASV_579	0.803458791115969	0.803458791115969
ASV_580	2.95012233044423	2.95012233044423
ASV_582	11.1324483617479	11.1324483617479
ASV_583	17.7621549034322	17.7621549034322
ASV_584	31.2209624250092	31.2209624250092
ASV_586	18.1692266512084	18.1692266512084
ASV_587	1.15720417193271	1.15720417193271
ASV_588	15.3852363708849	15.3852363708849
ASV_589	12.1456278583062	12.1456278583062
ASV_591	1.73718234156645	1.73718234156645
ASV_592	33.3179207163667	33.3179207163667
ASV_593	2.63942868882705	2.63942868882705
ASV_594	0.50001250046877	0.50001250046877
ASV_596	6.38007019954249	6.38007019954249
ASV_597	7.40420140443187	7.40420140443187
ASV_598	39.6058311845195	39.6058311845195
ASV_599	21.2582777961084	21.2582777961084
ASV_600	30.77722238966	30.77722238966
ASV_601	19.9297733869512	19.9297733869512
ASV_602	4.32928488152068	4.32928488152068
ASV_603	16.1842428240107	16.1842428240107
ASV_604	4.8624676194907	4.8624676194907
ASV_605	28.6408992003317	28.6408992003317
ASV_607	22.6396925871956	22.6396925871956
ASV_608	3.03784067495115	3.03784067495115
ASV_609	27.3848190266921	27.3848190266921
ASV_612	4.47070032435394	4.47070032435394
ASV_613	28.6982204223074	28.6982204223074
ASV_614	10.28431162216	10.28431162216
ASV_616	9.7275073081347	9.7275073081347
ASV_617	16.0877262841666	16.0877262841666
ASV_618	0.94508857815312	0.94508857815312
ASV_619	16.020333250769	16.020333250769
ASV_620	10.6314335055425	10.6314335055425
ASV_622	2.73744840382701	2.73744840382701
ASV_624	38.135187266662	38.135187266662
ASV_625	3.19252290912164	3.19252290912164
ASV_626	57.2655581981309	57.2655581981309
ASV_627	21.785364287163	21.785364287163
ASV_628	36.7087651819086	36.7087651819086
ASV_629	1.39006597332367	1.39006597332367
ASV_630	2.63848391797005	2.63848391797005
ASV_631	1.11875171598423	1.11875171598423
ASV_632	4.02140463935355	4.02140463935355
ASV_633	9.91747803977923	9.91747803977923
ASV_636	15.4424050194135	15.4424050194135
ASV_637	10.5284060913037	10.5284060913037
ASV_638	7.12233527862047	7.12233527862047
ASV_639	2.06824011394716	2.06824011394716
ASV_640	0.834342517410176	0.834342517410176
ASV_641	5.12758331666402	5.12758331666402
ASV_642	40.708257131014	40.708257131014
ASV_644	1.44382802259643	1.44382802259643
ASV_645	1.21123974290091	1.21123974290091
ASV_646	4.27773486192715	4.27773486192715
ASV_647	9.38771344416452	9.38771344416452
ASV_648	1.40826042209339	1.40826042209339
ASV_650	9.26493963520515	9.26493963520515
ASV_651	4.81546641758916	4.81546641758916
ASV_652	3.69465784954931	3.69465784954931
ASV_654	33.4629864232437	33.4629864232437
ASV_655	2.19101785684787	2.19101785684787
ASV_656	12.9680994084483	12.9680994084483
ASV_657	6.92449370780556	6.92449370780556
ASV_659	10.5267223241628	10.5267223241628
ASV_661	18.9122989007071	18.9122989007071
ASV_662	25.6887764822085	25.6887764822085
ASV_663	1.97760918939286	1.97760918939286
ASV_664	25.2512689761871	25.2512689761871
ASV_665	4.63482913537328	4.63482913537328
ASV_667	20.1080143852786	20.1080143852786
ASV_668	1.53107482474034	1.53107482474034
ASV_669	2.44884285867568	2.44884285867568
ASV_670	15.1397356367419	15.1397356367419
ASV_671	16.4229918941784	16.4229918941784
ASV_672	3.63639480804708	3.63639480804708
ASV_673	24.6258957458661	24.6258957458661
ASV_675	4.32166807571776	4.32166807571776
ASV_676	3.6356856168238	3.6356856168238
ASV_677	7.02705803180622	7.02705803180622
ASV_678	1.48003535451313	1.48003535451313
ASV_680	2.0604753528399	2.0604753528399
ASV_681	32.5829369831855	32.5829369831855
ASV_682	8.26180324240709	8.26180324240709
ASV_683	9.9455471973926	9.9455471973926
ASV_684	16.4228602845667	16.4228602845667
ASV_685	0.754583662371898	0.754583662371898
ASV_687	14.0751582294285	14.0751582294285
ASV_688	8.56212722257064	8.56212722257064
ASV_689	5.77740161720332	5.77740161720332
ASV_690	11.9320128110718	11.9320128110718
ASV_691	12.5522332675531	12.5522332675531
ASV_692	0.947485097154342	0.947485097154342
ASV_693	7.45913169123921	7.45913169123921
ASV_694	5.81128612454869	5.81128612454869
ASV_695	26.0769525980583	26.0769525980583
ASV_696	3.66865370505304	3.66865370505304
ASV_697	11.7088426472288	11.7088426472288
ASV_698	5.23329627404576	5.23329627404576
ASV_700	3.99156439890212	3.99156439890212
ASV_701	46.0658817670036	46.0658817670036
ASV_702	15.430698759279	15.430698759279
ASV_703	0.834707934993204	0.834707934993204
ASV_705	0.801160756190783	0.801160756190783
ASV_706	21.4513458407994	21.4513458407994
ASV_709	18.3455970825579	18.3455970825579
ASV_710	15.845097351713	15.845097351713
ASV_711	4.55441044129891	4.55441044129891
ASV_712	19.6616837779058	19.6616837779058
ASV_713	12.071968950795	12.071968950795
ASV_715	2.2708793044683	2.2708793044683
ASV_716	1.84382566986902	1.84382566986902
ASV_717	0.631890052136597	0.631890052136597
ASV_718	2.84828367990787	2.84828367990787
ASV_719	2.63618162477922	2.63618162477922
ASV_720	14.7931579695436	14.7931579695436
ASV_721	34.0331399882028	34.0331399882028
ASV_722	2.80976043023361	2.80976043023361
ASV_724	3.59651926537461	3.59651926537461
ASV_726	6.27229226292364	6.27229226292364
ASV_728	21.5095323269562	21.5095323269562
ASV_729	3.39996521353747	3.39996521353747
ASV_730	16.716611972653	16.716611972653
ASV_731	2.05463070255333	2.05463070255333
ASV_733	38.0715213240155	38.0715213240155
ASV_734	26.8245071854102	26.8245071854102
ASV_736	2.02472286661024	2.02472286661024
ASV_737	8.14859512130691	8.14859512130691
ASV_740	29.5812795253318	29.5812795253318
ASV_741	5.80367812280068	5.80367812280068
ASV_742	15.3353561528228	15.3353561528228
ASV_743	3.64922333185118	3.64922333185118
ASV_744	10.6824436553119	10.6824436553119
ASV_745	3.5115544730684	3.5115544730684
ASV_747	22.1249924360306	22.1249924360306
ASV_748	1.66898233224301	1.66898233224301
ASV_749	10.7892080425144	10.7892080425144
ASV_750	2.52625963746819	2.52625963746819
ASV_751	9.15381676205931	9.15381676205931
ASV_753	24.1206543300099	24.1206543300099
ASV_754	2.00816264948917	2.00816264948917
ASV_755	13.6353530966631	13.6353530966631
ASV_757	3.33598969432619	3.33598969432619
ASV_758	1.86943899887967	1.86943899887967
ASV_759	1.53748982005794	1.53748982005794
ASV_760	10.7169019012174	10.7169019012174
ASV_761	7.25699825268942	7.25699825268942
ASV_762	0.688833292858551	0.688833292858551
ASV_763	19.690574622306	19.690574622306
ASV_764	22.3030937668399	22.3030937668399
ASV_766	3.57006954378512	3.57006954378512
ASV_767	5.56641097192003	5.56641097192003
ASV_768	18.3442811467769	18.3442811467769
ASV_769	3.73446503488216	3.73446503488216
ASV_770	3.45977292254318	3.45977292254318
ASV_771	6.73916339806366	6.73916339806366
ASV_772	14.1807817930861	14.1807817930861
ASV_773	16.5940317733399	16.5940317733399
ASV_774	2.18168122286452	2.18168122286452
ASV_776	13.6085082377475	13.6085082377475
ASV_777	2.79920792620156	2.79920792620156
ASV_778	15.0700127718578	15.0700127718578
ASV_779	13.4938622137603	13.4938622137603
ASV_781	1.94381633441144	1.94381633441144
ASV_782	1.39315053045079	1.39315053045079
ASV_783	4.23021003792402	4.23021003792402
ASV_784	8.61203666185498	8.61203666185498
ASV_785	17.8946782684131	17.8946782684131
ASV_788	0.500012500468769	0.500012500468769
ASV_789	2.81159641024814	2.81159641024814
ASV_791	19.0016943792935	19.0016943792935
ASV_792	13.4318578638082	13.4318578638082
ASV_793	22.1624906259192	22.1624906259192
ASV_794	3.00900830594156	3.00900830594156
ASV_795	2.13345603002854	2.13345603002854
ASV_797	3.1925372371278	3.1925372371278
ASV_798	0.809415498541983	0.809415498541983
ASV_799	2.26951483742332	2.26951483742332
ASV_800	2.02990718911171	2.02990718911171
ASV_801	7.11003470850224	7.11003470850224
ASV_802	13.6530194073154	13.6530194073154
ASV_803	24.5021533592064	24.5021533592064
ASV_804	15.081715107654	15.081715107654
ASV_805	17.5517833065732	17.5517833065732
ASV_806	3.79023725545847	3.79023725545847
ASV_807	6.06640542599454	6.06640542599454
ASV_808	1.97740750305369	1.97740750305369
ASV_811	15.8119002206551	15.8119002206551
ASV_812	25.0400634818607	25.0400634818607
ASV_814	1.27111688247447	1.27111688247447
ASV_815	3.77326972268832	3.77326972268832
ASV_816	3.95611125716734	3.95611125716734
ASV_817	7.22805108513267	7.22805108513267
ASV_818	2.4822595512057	2.4822595512057
ASV_819	1.92593263306868	1.92593263306868
ASV_820	5.73160237366874	5.73160237366874
ASV_821	2.82331109310106	2.82331109310106
ASV_822	13.7016882132878	13.7016882132878
ASV_824	10.8014194539827	10.8014194539827
ASV_825	27.4257480093857	27.4257480093857
ASV_826	8.53765255867559	8.53765255867559
ASV_827	20.4607122249446	20.4607122249446
ASV_828	22.7431356950474	22.7431356950474
ASV_831	6.87368533580449	6.87368533580449
ASV_832	26.0780767537772	26.0780767537772
ASV_834	8.42703782989304	8.42703782989304
ASV_835	4.10540117933631	4.10540117933631
ASV_836	9.3072572928317	9.3072572928317
ASV_837	13.8074152542055	13.8074152542055
ASV_839	8.59735717126458	8.59735717126458
ASV_840	2.42379937982242	2.42379937982242
ASV_841	3.83757845405353	3.83757845405353
ASV_842	1.20728754448212	1.20728754448212
ASV_843	8.87570103919836	8.87570103919836
ASV_844	26.6063895699857	26.6063895699857
ASV_847	4.56695354550449	4.56695354550449
ASV_848	1.76765084798392	1.76765084798392
ASV_849	13.9692541673067	13.9692541673067
ASV_850	4.28513129662821	4.28513129662821
ASV_852	5.98667483851582	5.98667483851582
ASV_853	1.95304177718851	1.95304177718851
ASV_855	15.7431991922707	15.7431991922707
ASV_856	7.2228755313256	7.2228755313256
ASV_857	0.944991540333455	0.944991540333455
ASV_858	4.14885938878476	4.14885938878476
ASV_859	2.2265444377811	2.2265444377811
ASV_860	20.2957718045666	20.2957718045666
ASV_861	6.59771951561115	6.59771951561115
ASV_862	18.7797633644308	18.7797633644308
ASV_863	3.55281011286167	3.55281011286167
ASV_864	31.0241043892418	31.0241043892418
ASV_866	4.77358952246978	4.77358952246978
ASV_867	10.8250115735443	10.8250115735443
ASV_869	5.2719313620069	5.2719313620069
ASV_870	30.1406722006064	30.1406722006064
ASV_871	0.500012500468769	0.500012500468769
ASV_872	3.99668623478597	3.99668623478597
ASV_873	0.854175509362028	0.854175509362028
ASV_876	22.7423545170417	22.7423545170417
ASV_877	15.069484915435	15.069484915435
ASV_878	13.4092321101084	13.4092321101084
ASV_879	25.7649478408351	25.7649478408351
ASV_880	17.4169675129985	17.4169675129985
ASV_881	0.836221545721006	0.836221545721006
ASV_882	5.70217049588554	5.70217049588554
ASV_883	2.05904545331342	2.05904545331342
ASV_884	1.34524239370347	1.34524239370347
ASV_887	5.6890684537187	5.6890684537187
ASV_888	1.99052388531413	1.99052388531413
ASV_889	2.28865620471977	2.28865620471977
ASV_890	21.6773958222931	21.6773958222931
ASV_891	29.2977738866609	29.2977738866609
ASV_893	18.8770904385706	18.8770904385706
ASV_895	10.0407117739744	10.0407117739744
ASV_896	9.07070050645862	9.07070050645862
ASV_898	6.94971150980757	6.94971150980757
ASV_899	28.7702170198404	28.7702170198404
ASV_901	2.9024700074362	2.9024700074362
ASV_902	7.2270339555346	7.2270339555346
ASV_903	13.2756796580343	13.2756796580343
ASV_904	5.04555916459676	5.04555916459676
ASV_905	28.1204912504424	28.1204912504424
ASV_906	11.13213984555	11.13213984555
ASV_907	4.9391319295756	4.9391319295756
ASV_908	11.1710217052492	11.1710217052492
ASV_909	3.74556171550713	3.74556171550713
ASV_910	1.85229031415254	1.85229031415254
ASV_911	9.04263854900032	9.04263854900032
ASV_912	9.12363228756431	9.12363228756431
ASV_913	2.63347391121948	2.63347391121948
ASV_914	1.10576863107768	1.10576863107768
ASV_915	16.5135258507675	16.5135258507675
ASV_916	4.9040975545594	4.9040975545594
ASV_917	14.1122010892695	14.1122010892695
ASV_918	2.61745603529588	2.61745603529588
ASV_920	13.8696120033322	13.8696120033322
ASV_922	18.2864232489715	18.2864232489715
ASV_923	11.8281370634885	11.8281370634885
ASV_924	2.63108407192227	2.63108407192227
ASV_925	1.87382873469887	1.87382873469887
ASV_926	13.8451998073966	13.8451998073966
ASV_927	6.94430921987908	6.94430921987908
ASV_928	3.19093625775894	3.19093625775894
ASV_929	13.4464532792666	13.4464532792666
ASV_930	5.25177082866057	5.25177082866057
ASV_931	8.97990022312606	8.97990022312606
ASV_932	6.05130318588368	6.05130318588368
ASV_933	2.01399981008616	2.01399981008616
ASV_936	24.6314430750976	24.6314430750976
ASV_937	0.50001250046877	0.50001250046877
ASV_938	3.25150109117452	3.25150109117452
ASV_940	13.3852423734911	13.3852423734911
ASV_943	1.37519955820751	1.37519955820751
ASV_945	8.96866310992919	8.96866310992919
ASV_946	2.50124694275184	2.50124694275184
ASV_947	2.43608563473492	2.43608563473492
ASV_948	25.2488200489062	25.2488200489062
ASV_950	23.3565927704092	23.3565927704092
ASV_951	3.39867503900166	3.39867503900166
ASV_952	14.3136269792686	14.3136269792686
ASV_953	17.4354486456635	17.4354486456635
ASV_954	18.080473960197	18.080473960197
ASV_955	10.7828312172795	10.7828312172795
ASV_956	18.6406533969853	18.6406533969853
ASV_957	4.00143630462125	4.00143630462125
ASV_958	7.04279631613107	7.04279631613107
ASV_959	16.3402438539819	16.3402438539819
ASV_960	14.1009627047796	14.1009627047796
ASV_963	13.0674885608719	13.0674885608719
ASV_964	13.1056801708422	13.1056801708422
ASV_965	17.252895004669	17.252895004669
ASV_966	5.89707505102335	5.89707505102335
ASV_968	4.21859780289118	4.21859780289118
ASV_969	1.91015754690649	1.91015754690649
ASV_971	3.92152608062217	3.92152608062217
ASV_972	2.03118923808867	2.03118923808867
ASV_973	2.79084879279541	2.79084879279541
ASV_974	1.20230501208967	1.20230501208967
ASV_976	22.0906125810681	22.0906125810681
ASV_977	2.190876683062	2.190876683062
ASV_978	27.6330713390397	27.6330713390397
ASV_979	37.203551313774	37.203551313774
ASV_980	1.95473601331066	1.95473601331066
ASV_981	14.722366130427	14.722366130427
ASV_982	7.88402343136557	7.88402343136557
ASV_983	0.951022534494989	0.951022534494989
ASV_984	22.6319734101962	22.6319734101962
ASV_985	1.86156567393484	1.86156567393484
ASV_986	0.850654413298955	0.850654413298955
ASV_987	13.4600446795455	13.4600446795455
ASV_988	1.29521270387202	1.29521270387202
ASV_990	5.43304109684441	5.43304109684441
ASV_991	24.7144826213544	24.7144826213544
ASV_994	3.34980875631253	3.34980875631253
ASV_996	2.55593982240649	2.55593982240649
ASV_998	8.08294722174952	8.08294722174952
ASV_999	2.82674376074033	2.82674376074033
ASV_1000	0.50001250046877	0.50001250046877
ASV_1001	3.08168598637275	3.08168598637275
ASV_1002	0.949729853918069	0.949729853918069
ASV_1003	1.13824885613853	1.13824885613853
ASV_1004	8.30812095590601	8.30812095590601
ASV_1006	9.31262607683587	9.31262607683587
ASV_1007	11.4572684931472	11.4572684931472
ASV_1008	13.4023656977043	13.4023656977043
ASV_1009	25.6553300993466	25.6553300993466
ASV_1010	13.8748677574932	13.8748677574932
ASV_1011	7.0793988130681	7.0793988130681
ASV_1015	1.33117880197339	1.33117880197339
ASV_1016	6.18387416631528	6.18387416631528
ASV_1019	2.28973231797385	2.28973231797385
ASV_1020	9.23142586996472	9.23142586996472
ASV_1021	10.1471243813541	10.1471243813541
ASV_1022	3.2772356970062	3.2772356970062
ASV_1023	7.50272559932515	7.50272559932515
ASV_1024	1.29903560351059	1.29903560351059
ASV_1027	2.73710792952146	2.73710792952146
ASV_1028	1.42375595062945	1.42375595062945
ASV_1029	3.32577253978222	3.32577253978222
ASV_1030	23.4809582199347	23.4809582199347
ASV_1032	19.0791502930378	19.0791502930378
ASV_1034	7.48896568945054	7.48896568945054
ASV_1035	6.84431405171489	6.84431405171489
ASV_1037	5.21912068188892	5.21912068188892
ASV_1038	3.19513910231056	3.19513910231056
ASV_1039	1.3135508164805	1.3135508164805
ASV_1041	2.83826617007656	2.83826617007656
ASV_1045	1.35425083997858	1.35425083997858
ASV_1046	12.2613615760931	12.2613615760931
ASV_1048	1.76295295984751	1.76295295984751
ASV_1049	6.77927937117265	6.77927937117265
ASV_1051	2.07625911447772	2.07625911447772
ASV_1052	16.4108590805689	16.4108590805689
ASV_1053	4.48979198789332	4.48979198789332
ASV_1054	2.59660544562474	2.59660544562474
ASV_1055	19.4214376465238	19.4214376465238
ASV_1056	24.9317323401839	24.9317323401839
ASV_1057	2.23943185905129	2.23943185905129
ASV_1059	1.06422447606535	1.06422447606535
ASV_1060	15.3034862690461	15.3034862690461
ASV_1061	12.6976009523929	12.6976009523929
ASV_1062	5.9271307434806	5.9271307434806
ASV_1063	10.9678065832441	10.9678065832441
ASV_1065	5.99982243447798	5.99982243447798
ASV_1066	3.17335902638764	3.17335902638764
ASV_1067	20.2504164339381	20.2504164339381
ASV_1069	2.14757250846499	2.14757250846499
ASV_1070	1.00047596274196	1.00047596274196
ASV_1071	15.924019531328	15.924019531328
ASV_1073	12.9145261285929	12.9145261285929
ASV_1074	18.9132560242614	18.9132560242614
ASV_1075	15.1129190939792	15.1129190939792
ASV_1077	3.89738898493439	3.89738898493439
ASV_1078	1.64430457258001	1.64430457258001
ASV_1079	4.76162683423961	4.76162683423961
ASV_1080	7.30889224312124	7.30889224312124
ASV_1082	2.58522090887327	2.58522090887327
ASV_1083	17.6265598622059	17.6265598622059
ASV_1085	11.9890798530563	11.9890798530563
ASV_1086	4.61617306795245	4.61617306795245
ASV_1088	42.0855276777343	42.0855276777343
ASV_1090	20.8657708116832	20.8657708116832
ASV_1092	3.45812118506904	3.45812118506904
ASV_1095	3.58734309427545	3.58734309427545
ASV_1096	3.39748523907442	3.39748523907442
ASV_1097	1.29649483693116	1.29649483693116
ASV_1099	6.96542778900605	6.96542778900605
ASV_1102	12.3622285222615	12.3622285222615
ASV_1103	5.37190534272364	5.37190534272364
ASV_1104	34.734143107973	34.734143107973
ASV_1105	1.86932096455469	1.86932096455469
ASV_1106	11.4883790578384	11.4883790578384
ASV_1108	1.60229961328462	1.60229961328462
ASV_1109	26.8293280046651	26.8293280046651
ASV_1110	4.13350925210353	4.13350925210353
ASV_1112	4.93242283503583	4.93242283503583
ASV_1114	12.0323513106265	12.0323513106265
ASV_1115	20.689094207409	20.689094207409
ASV_1116	19.583744784079	19.583744784079
ASV_1117	1.39942950680041	1.39942950680041
ASV_1119	2.10383460572389	2.10383460572389
ASV_1120	2.68312567175234	2.68312567175234
ASV_1121	20.307397602205	20.307397602205
ASV_1122	4.76246122156019	4.76246122156019
ASV_1123	18.8608786549579	18.8608786549579
ASV_1124	12.5792403902424	12.5792403902424
ASV_1127	14.9359614157622	14.9359614157622
ASV_1128	1.37188645224723	1.37188645224723
ASV_1129	10.7939423419108	10.7939423419108
ASV_1130	23.1841671432409	23.1841671432409
ASV_1131	2.47565875336888	2.47565875336888
ASV_1133	10.2873454259137	10.2873454259137
ASV_1134	15.7853990267089	15.7853990267089
ASV_1135	14.8556398808514	14.8556398808514
ASV_1136	25.8987075876157	25.8987075876157
ASV_1138	5.56494067133839	5.56494067133839
ASV_1140	0.953805788524438	0.953805788524438
ASV_1141	1.94080497841867	1.94080497841867
ASV_1143	15.3619257293813	15.3619257293813
ASV_1144	7.28210246423697	7.28210246423697
ASV_1145	4.8191113944609	4.8191113944609
ASV_1146	22.8769945647969	22.8769945647969
ASV_1147	18.3691734812776	18.3691734812776
ASV_1149	23.7612902425217	23.7612902425217
ASV_1150	5.46338781236287	5.46338781236287
ASV_1152	4.37967261499668	4.37967261499668
ASV_1153	4.98428532514131	4.98428532514131
ASV_1154	40.3149679335765	40.3149679335765
ASV_1155	2.86708037312804	2.86708037312804
ASV_1156	23.2625489396097	23.2625489396097
ASV_1157	1.93126558638222	1.93126558638222
ASV_1158	8.73533117206369	8.73533117206369
ASV_1160	8.14375060704717	8.14375060704717
ASV_1162	1.95678163665076	1.95678163665076
ASV_1163	2.67703897631947	2.67703897631947
ASV_1164	7.19275701178326	7.19275701178326
ASV_1165	23.5137971032636	23.5137971032636
ASV_1166	21.8066538546552	21.8066538546552
ASV_1167	1.14486274368583	1.14486274368583
ASV_1168	1.44077510227059	1.44077510227059
ASV_1171	16.5801805430432	16.5801805430432
ASV_1172	15.945614795057	15.945614795057
ASV_1173	1.69649750739667	1.69649750739667
ASV_1174	5.46246872752903	5.46246872752903
ASV_1176	10.4987403748309	10.4987403748309
ASV_1177	20.5772551962675	20.5772551962675
ASV_1178	3.11985260198166	3.11985260198166
ASV_1180	20.1743523012724	20.1743523012724
ASV_1183	10.9386120304379	10.9386120304379
ASV_1184	2.54238601999911	2.54238601999911
ASV_1186	5.14962652108889	5.14962652108889
ASV_1187	12.7254607677746	12.7254607677746
ASV_1188	1.85177385775339	1.85177385775339
ASV_1189	23.350450206775	23.350450206775
ASV_1190	2.15615389754512	2.15615389754512
ASV_1191	2.49393240488981	2.49393240488981
ASV_1193	1.33064178236579	1.33064178236579
ASV_1195	3.98131016885765	3.98131016885765
ASV_1196	3.63658249088336	3.63658249088336
ASV_1198	9.31336519823709	9.31336519823709
ASV_1200	18.6989099448221	18.6989099448221
ASV_1202	17.6112065505905	17.6112065505905
ASV_1204	7.3089988886296	7.3089988886296
ASV_1205	4.76485666368576	4.76485666368576
ASV_1208	13.6848915034541	13.6848915034541
ASV_1209	28.3351385946533	28.3351385946533
ASV_1210	9.74811248532756	9.74811248532756
ASV_1211	2.83653311578399	2.83653311578399
ASV_1215	3.4762923836056	3.4762923836056
ASV_1217	2.56161354225426	2.56161354225426
ASV_1218	5.43865527868632	5.43865527868632
ASV_1219	9.63557034291831	9.63557034291831
ASV_1220	12.8494969255595	12.8494969255595
ASV_1222	6.79712235657268	6.79712235657268
ASV_1223	4.8066997313629	4.8066997313629
ASV_1224	15.7814973636959	15.7814973636959
ASV_1225	4.07306161882468	4.07306161882468
ASV_1226	0.801594276298771	0.801594276298771
ASV_1228	1.85255053964026	1.85255053964026
ASV_1230	25.2452637730132	25.2452637730132
ASV_1231	11.7053031770695	11.7053031770695
ASV_1232	0.849374086684187	0.849374086684187
ASV_1233	4.21915940301688	4.21915940301688
ASV_1234	1.69532144651618	1.69532144651618
ASV_1235	13.7833459396368	13.7833459396368
ASV_1236	4.34881067906435	4.34881067906435
ASV_1237	4.35377532052597	4.35377532052597
ASV_1238	1.60099551456665	1.60099551456665
ASV_1239	10.4794546117991	10.4794546117991
ASV_1241	16.6029223542682	16.6029223542682
ASV_1242	13.7328230997579	13.7328230997579
ASV_1243	9.37323764721474	9.37323764721474
ASV_1244	1.62322758694254	1.62322758694254
ASV_1245	0.832472385801158	0.832472385801158
ASV_1248	4.7557703140706	4.7557703140706
ASV_1251	0.976991675290324	0.976991675290324
ASV_1254	12.8994725117483	12.8994725117483
ASV_1255	6.50730980247867	6.50730980247867
ASV_1256	9.99556452243243	9.99556452243243
ASV_1257	13.1762863742451	13.1762863742451
ASV_1258	18.5529508699529	18.5529508699529
ASV_1259	1.64111033143882	1.64111033143882
ASV_1262	0.949531917991546	0.949531917991546
ASV_1263	29.6348722004258	29.6348722004258
ASV_1265	1.27215774448032	1.27215774448032
ASV_1266	32.52860118892	32.52860118892
ASV_1268	5.14610035225036	5.14610035225036
ASV_1269	3.05048750451402	3.05048750451402
ASV_1270	0.812586623214297	0.812586623214297
ASV_1271	2.8904597032637	2.8904597032637
ASV_1272	3.89716043864502	3.89716043864502
ASV_1273	21.2589428363937	21.2589428363937
ASV_1274	1.4414513465039	1.4414513465039
ASV_1275	6.30443148254341	6.30443148254341
ASV_1276	13.0613279476623	13.0613279476623
ASV_1277	5.16851988828027	5.16851988828027
ASV_1280	6.73392922017347	6.73392922017347
ASV_1281	9.6221598001463	9.6221598001463
ASV_1284	22.7854408547784	22.7854408547784
ASV_1285	2.28112653769008	2.28112653769008
ASV_1286	1.09512938205602	1.09512938205602
ASV_1287	4.02261297779875	4.02261297779875
ASV_1288	5.93659708140763	5.93659708140763
ASV_1290	12.0148088420103	12.0148088420103
ASV_1291	3.30737143446664	3.30737143446664
ASV_1292	2.73088030640802	2.73088030640802
ASV_1293	3.53988500382799	3.53988500382799
ASV_1294	12.3070688548857	12.3070688548857
ASV_1295	3.89238395447625	3.89238395447625
ASV_1296	8.7098137226411	8.7098137226411
ASV_1297	6.19292219651278	6.19292219651278
ASV_1298	5.078946554701	5.078946554701
ASV_1299	18.3640581950774	18.3640581950774
ASV_1301	1.88345007820735	1.88345007820735
ASV_1302	15.7377922886024	15.7377922886024
ASV_1303	16.9007603191304	16.9007603191304
ASV_1304	3.57603774617783	3.57603774617783
ASV_1305	17.1348867608591	17.1348867608591
ASV_1306	14.748747356439	14.748747356439
ASV_1308	3.57409152825082	3.57409152825082
ASV_1309	18.7530684924669	18.7530684924669
ASV_1310	10.2391843522101	10.2391843522101
ASV_1311	12.0941461905654	12.0941461905654
ASV_1312	25.0501090916025	25.0501090916025
ASV_1313	16.7127887968614	16.7127887968614
ASV_1314	10.8537812960679	10.8537812960679
ASV_1315	2.98544564846974	2.98544564846974
ASV_1316	18.0500330279663	18.0500330279663
ASV_1317	11.5871163985474	11.5871163985474
ASV_1319	9.22271289362383	9.22271289362383
ASV_1320	6.87598774253639	6.87598774253639
ASV_1322	1.49448152645498	1.49448152645498
ASV_1324	8.55065128139146	8.55065128139146
ASV_1325	2.83441678879831	2.83441678879831
ASV_1326	2.68047380076084	2.68047380076084
ASV_1328	2.78691202294194	2.78691202294194
ASV_1329	6.04706305571535	6.04706305571535
ASV_1330	13.425521746568	13.425521746568
ASV_1331	10.4908025724783	10.4908025724783
ASV_1332	8.76350392687797	8.76350392687797
ASV_1333	4.28130638105025	4.28130638105025
ASV_1335	9.12188349200777	9.12188349200777
ASV_1337	11.9954481455346	11.9954481455346
ASV_1338	1.29802637269322	1.29802637269322
ASV_1340	3.42233861318645	3.42233861318645
ASV_1341	17.8392564928808	17.8392564928808
ASV_1342	4.62510976902822	4.62510976902822
ASV_1343	10.8455782727277	10.8455782727277
ASV_1345	4.89680416957691	4.89680416957691
ASV_1346	14.2507446747947	14.2507446747947
ASV_1350	13.3637994025391	13.3637994025391
ASV_1351	2.96756913355211	2.96756913355211
ASV_1352	7.33928690130365	7.33928690130365
ASV_1353	13.7646931204481	13.7646931204481
ASV_1354	3.73369254258627	3.73369254258627
ASV_1357	7.66904933977846	7.66904933977846
ASV_1358	16.3726914723773	16.3726914723773
ASV_1359	15.324023226667	15.324023226667
ASV_1360	13.2774242188685	13.2774242188685
ASV_1361	7.75743845842199	7.75743845842199
ASV_1362	17.1234480307416	17.1234480307416
ASV_1363	1.88522730417559	1.88522730417559
ASV_1364	2.1991771864938	2.1991771864938
ASV_1368	16.7184191606888	16.7184191606888
ASV_1370	15.3360822922725	15.3360822922725
ASV_1371	39.0744193522043	39.0744193522043
ASV_1372	13.9595814503475	13.9595814503475
ASV_1373	4.48143118967814	4.48143118967814
ASV_1374	1.73461001067513	1.73461001067513
ASV_1375	6.24998765014195	6.24998765014195
ASV_1377	1.11247526097988	1.11247526097988
ASV_1379	3.581017019744	3.581017019744
ASV_1381	3.05704255429043	3.05704255429043
ASV_1384	14.3041347590828	14.3041347590828
ASV_1385	11.6668826926931	11.6668826926931
ASV_1386	5.31492375227164	5.31492375227164
ASV_1387	11.2121907702014	11.2121907702014
ASV_1388	14.854833357595	14.854833357595
ASV_1389	8.5483845392088	8.5483845392088
ASV_1390	12.786209999897	12.786209999897
ASV_1391	8.79449300963763	8.79449300963763
ASV_1393	3.87224041775617	3.87224041775617
ASV_1394	1.86246924398397	1.86246924398397
ASV_1395	6.17095189606224	6.17095189606224
ASV_1396	5.91441213349964	5.91441213349964
ASV_1397	10.9514661541469	10.9514661541469
ASV_1399	11.1773906111589	11.1773906111589
ASV_1400	1.37556052253739	1.37556052253739
ASV_1401	1.55397581031625	1.55397581031625
ASV_1402	5.62914494614662	5.62914494614662
ASV_1403	0.978855493219852	0.978855493219852
ASV_1406	3.89303110299265	3.89303110299265
ASV_1407	1.32415349321883	1.32415349321883
ASV_1408	11.5734718263109	11.5734718263109
ASV_1409	5.40867524902362	5.40867524902362
ASV_1410	2.00228524370605	2.00228524370605
ASV_1411	20.8421622093009	20.8421622093009
ASV_1412	16.061994155522	16.061994155522
ASV_1413	0.67305601275528	0.67305601275528
ASV_1414	38.0902551722518	38.0902551722518
ASV_1415	6.67537627679266	6.67537627679266
ASV_1416	13.1559988528786	13.1559988528786
ASV_1417	25.0945474479864	25.0945474479864
ASV_1418	15.0514401117235	15.0514401117235
ASV_1419	20.311969823663	20.311969823663
ASV_1421	3.5516656494991	3.5516656494991
ASV_1422	4.29203189789563	4.29203189789563
ASV_1423	15.2857182631068	15.2857182631068
ASV_1424	6.82374742216391	6.82374742216391
ASV_1425	4.59223913600555	4.59223913600555
ASV_1426	3.33404136161009	3.33404136161009
ASV_1427	4.73736767776292	4.73736767776292
ASV_1428	0.900680749350698	0.900680749350698
ASV_1429	22.7294525500592	22.7294525500592
ASV_1430	21.0743882763183	21.0743882763183
ASV_1431	18.3859492001467	18.3859492001467
ASV_1432	18.3656626408808	18.3656626408808
ASV_1435	1.56731731852437	1.56731731852437
ASV_1436	1.68247546432486	1.68247546432486
ASV_1437	0.500012500468769	0.500012500468769
ASV_1438	18.281638364853	18.281638364853
ASV_1439	15.5749632969377	15.5749632969377
ASV_1440	8.61489936237623	8.61489936237623
ASV_1442	41.8511805744946	41.8511805744946
ASV_1443	2.41999678231593	2.41999678231593
ASV_1444	2.64315284313396	2.64315284313396
ASV_1445	4.93693828270163	4.93693828270163
ASV_1446	1.09022309494781	1.09022309494781
ASV_1447	3.23583324036208	3.23583324036208
ASV_1448	11.6654226338005	11.6654226338005
ASV_1451	5.6178785925951	5.6178785925951
ASV_1452	3.73000509963642	3.73000509963642
ASV_1454	8.72357098258904	8.72357098258904
ASV_1455	2.45832696196903	2.45832696196903
ASV_1456	16.8732056351327	16.8732056351327
ASV_1457	2.26928955325231	2.26928955325231
ASV_1458	1.36126714884703	1.36126714884703
ASV_1459	1.86258316632105	1.86258316632105
ASV_1460	1.09624211471691	1.09624211471691
ASV_1461	0.50001250046877	0.50001250046877
ASV_1462	22.4989865206488	22.4989865206488
ASV_1465	6.30632037384271	6.30632037384271
ASV_1466	7.28071084560541	7.28071084560541
ASV_1468	13.9177183021993	13.9177183021993
ASV_1469	15.436283901448	15.436283901448
ASV_1471	10.3416291936189	10.3416291936189
ASV_1472	37.393190271832	37.393190271832
ASV_1474	12.4411292859772	12.4411292859772
ASV_1475	0.856363447236533	0.856363447236533
ASV_1476	2.67029727114039	2.67029727114039
ASV_1477	16.6462793459733	16.6462793459733
replicate	-16.2063668676633	-16.2063668676633
